City,kmpl_HDT,kmpl_MDT
Edmonton,2.386001720159522,3.4232398566680375
Vancouver,2.276259801279781,3.4940410946549667
Toronto,2.481583391441876,3.809106603696803
